Id,Group,class,invCnt,greens,reds,controv,other_ms_ada,own_ms_ada,winning,comparaison_ada,sim_ada,n_tokens,own_ms_use,other_ms_use,sim_use
39,A,High Priority,10,10,3,0.488769531,98,44,0,Other,0.923413255,37,165,98,0.61341393
39,A,High Priority,10,10,3,0.488769531,98,44,0,Own,0.871746355,37,165,98,0.498870045
40,A,Neutral,11,9,3,0.698242188,18,32,0,Other,0.848974845,33,116,193,0.445510447
40,A,Neutral,11,9,3,0.698242188,18,32,0,Own,0.852947846,33,116,193,0.444855034
43,A,High Priority,15,14,2,0.03112793,105,111,0,Other,0.898354086,54,111,105,0.643764257
43,A,High Priority,15,14,2,0.03112793,105,111,0,Own,0.870486927,54,111,105,0.363479853
49,A,Controversial,21,14,10,2.92249918,114,174,0,Other,0.887072294,45,133,114,0.601658642
49,A,Controversial,21,14,10,2.92249918,114,174,0,Own,0.848283212,45,133,114,0.470687985
52,A,High Priority,18,14,5,0.443572998,102,39,1,Other,0.843477433,39,39,21,0.393102646
52,A,High Priority,18,14,5,0.443572998,102,39,1,Own,0.856982276,39,39,21,0.456451654
54,A,High Priority,19,18,3,0.013952255,17,138,1,Other,0.963194425,34,52,17,0.852661371
54,A,High Priority,19,18,3,0.013952255,17,138,1,Own,0.851953173,34,52,17,0.302084714
64,A,High Priority,9,12,0,0.003173849,7,164,0,Other,0.841250762,212,150,21,0.595657587
64,A,High Priority,9,12,0,0.003173849,7,164,0,Own,0.842423104,212,150,21,0.519659042
72,A,High Priority,20,18,2,0.003805161,21,150,0,Other,0.842149607,91,155,22,0.467869341
72,A,High Priority,20,18,2,0.003805161,21,150,0,Own,0.862452105,91,155,22,0.515174031
73,A,Controversial,26,12,17,2.899911348,193,56,0,Other,0.912131793,87,115,193,0.514880061
73,A,Controversial,26,12,17,2.899911348,193,56,0,Own,0.801616879,87,115,193,0.289187551
74,A,Controversial,16,10,7,2.670776367,77,75,1,Other,0.869777939,73,75,77,0.394873321
74,A,Controversial,16,10,7,2.670776367,77,75,1,Own,0.877288866,73,75,77,0.551045179
153,A,High Priority,23,28,0,1.08E-07,16,32,1,Other,0.901572941,29,96,16,0.522540212
153,A,High Priority,23,28,0,1.08E-07,16,32,1,Own,0.862740743,29,96,16,0.468701363
165,A,High Priority,7,9,0,0.019531323,7,39,1,Other,0.938408353,41,39,7,0.672010779
165,A,High Priority,7,9,0,0.019531323,7,39,1,Own,0.866980053,41,39,7,0.498870045
179,A,Neutral,9,7,3,1.2890625,102,32,0,Other,0.881638573,35,39,102,0.499170482
179,A,Neutral,9,7,3,1.2890625,102,32,0,Own,0.866434931,35,39,102,0.455783129
211,A,High Priority,16,14,5,0.443572998,118,194,1,Other,0.849902289,32,67,105,0.404226989
211,A,High Priority,16,14,5,0.443572998,118,194,1,Own,0.818505707,32,67,105,0.385381222
32,A,Low Priority,38,2,51,8.26E-12,18,179,0,Other,0.859083651,35,116,141,0.512035012
32,A,Low Priority,38,2,51,8.26E-12,18,179,0,Own,0.866434931,35,116,141,0.53532362
33,A,Low Priority,11,1,10,0.064452771,7,154,0,Other,0.833989395,11,148,24,0.289733946
33,A,Low Priority,11,1,10,0.064452771,7,154,0,Own,0.837703176,11,148,24,0.297021627
37,A,Neutral,7,2,6,0.984375,114,46,0,Other,0.811221782,42,46,215,0.395047724
37,A,Neutral,7,2,6,0.984375,114,46,0,Own,0.840045322,42,46,215,0.429964483
42,A,Low Priority,15,3,17,0.022830963,21,46,0,Other,0.813582932,29,46,110,0.274099052
42,A,Low Priority,15,3,17,0.022830963,21,46,0,Own,0.818231615,29,46,110,0.371002913
44,A,Controversial,15,8,8,3.338470459,208,39,0,Other,0.906870993,35,39,208,0.627716899
44,A,Controversial,15,8,8,3.338470459,208,39,0,Own,0.871746355,35,39,208,0.464069694
46,A,Neutral,10,7,4,1.93359375,7,37,0,Other,0.839334943,43,37,7,0.43721053
46,A,Neutral,10,7,4,1.93359375,7,37,0,Own,0.840045322,43,37,7,0.429964483
48,A,Neutral,12,8,4,1.571044922,178,165,1,Other,0.846281153,57,54,178,0.454928696
48,A,Neutral,12,8,4,1.571044922,178,165,1,Own,0.820286997,57,54,178,0.277224302
50,A,Low Priority,31,6,34,0.000143,10,200,0,Other,0.858515961,39,52,10,0.460186243
50,A,Low Priority,31,6,34,0.000143,10,200,0,Own,0.842882651,39,52,10,0.381988943
53,A,Neutral,16,11,5,1.133056641,128,163,0,Other,0.865374988,47,39,102,0.462183237
53,A,Neutral,16,11,5,1.133056641,128,163,0,Own,0.846348276,47,39,102,0.379153967
56,A,Controversial,10,7,5,2.513671875,114,49,0,Other,0.866704204,50,49,114,0.395327896
56,A,Controversial,10,7,5,2.513671875,114,49,0,Own,0.847137032,50,49,114,0.417834163
58,A,Low Priority,13,3,13,0.145263672,79,52,1,Other,0.835416725,58,133,76,0.453435004
58,A,Low Priority,13,3,13,0.145263672,79,52,1,Own,0.836712334,58,133,76,0.462305367
59,A,Low Priority,22,4,22,0.006014854,98,150,0,Other,0.843196373,58,150,215,0.389042199
59,A,Low Priority,22,4,22,0.006014854,98,150,0,Own,0.850936593,58,150,215,0.402752012
67,A,Low Priority,7,1,7,0.281249156,22,116,1,Other,0.82526874,76,150,193,0.468904555
67,A,Low Priority,7,1,7,0.281249156,22,116,1,Own,0.843715666,76,150,193,0.570994854
75,A,High Priority,15,15,5,0.310501099,77,74,0,Other,0.885141498,77,74,141,0.555736303
75,A,High Priority,15,15,5,0.310501099,77,74,0,Own,0.877288866,77,74,141,0.551045179
96,A,High Priority,19,21,2,0.000724,9,154,0,Other,0.862614277,42,153,9,0.455426246
96,A,High Priority,19,21,2,0.000724,9,154,0,Own,0.848311203,42,153,9,0.468701363
97,A,Low Priority,12,2,11,0.133300781,98,39,0,Other,0.830681081,147,64,21,0.415928423
97,A,Low Priority,12,2,11,0.133300781,98,39,0,Own,0.851658112,147,64,21,0.448132038
111,A,High Priority,20,23,1,3.58E-05,22,43,1,Other,0.878351882,61,72,22,0.559179544
111,A,High Priority,20,23,1,3.58E-05,22,43,1,Own,0.870486927,61,72,22,0.505406141
115,A,Low Priority,31,5,31,0.000203,128,53,0,Other,0.829289104,71,155,21,0.447197258
115,A,Low Priority,31,5,31,0.000203,128,53,0,Own,0.838125189,71,155,21,0.43019712
116,A,High Priority,22,24,1,1.94E-05,22,154,1,Other,0.854330312,35,32,141,0.542984009
116,A,High Priority,22,24,1,1.94E-05,22,154,1,Own,0.86930561,35,32,141,0.53532362
120,A,Neutral,21,8,17,0.838069618,21,72,1,Other,0.868967935,33,116,215,0.414095402
120,A,Neutral,21,8,17,0.838069618,21,72,1,Own,0.832044905,33,116,215,0.34189266
121,A,Low Priority,25,4,25,0.001327191,197,53,0,Other,0.840145186,35,111,197,0.460764766
121,A,Low Priority,25,4,25,0.001327191,197,53,0,Own,0.815168046,35,111,197,0.329311579
133,A,Low Priority,34,10,33,0.009590932,114,174,0,Other,0.826658348,78,174,7,0.4293724
133,A,Low Priority,34,10,33,0.009590932,114,174,0,Own,0.847286539,78,174,7,0.511602521
135,A,Neutral,16,12,6,1.345504761,109,165,0,Other,0.860946447,40,64,109,0.476007283
135,A,Neutral,16,12,6,1.345504761,109,165,0,Own,0.833758651,40,64,109,0.440719545
138,A,High Priority,17,17,5,0.144405842,17,54,1,Other,0.862517023,25,33,17,0.29000774
138,A,High Priority,17,17,5,0.144405842,17,54,1,Own,0.851953173,25,33,17,0.272100657
139,A,Neutral,14,5,13,0.621002197,23,72,0,Other,0.839565067,16,72,160,0.394137681
139,A,Neutral,14,5,13,0.621002197,23,72,0,Own,0.843791731,16,72,160,0.24771136
148,A,Low Priority,7,0,7,0.062500146,107,33,0,Other,0.793118313,72,149,22,0.351878047
148,A,Low Priority,7,0,7,0.062500146,107,33,0,Own,0.828638589,72,149,22,0.360931456
149,A,Neutral,8,3,5,1.96875,77,116,0,Other,0.851667825,85,67,109,0.40450725
149,A,Neutral,8,3,5,1.96875,77,116,0,Own,0.865654836,85,67,109,0.446624041
150,A,Controversial,11,5,6,2.70703125,23,72,0,Other,0.859559981,107,67,193,0.518266022
150,A,Controversial,11,5,6,2.70703125,23,72,0,Own,0.862452105,107,67,193,0.570994854
151,A,High Priority,12,11,1,0.03808569,18,111,0,Other,0.835615523,32,111,18,0.322087348
151,A,High Priority,12,11,1,0.03808569,18,111,0,Own,0.839709139,32,111,18,0.353701562
154,A,Low Priority,15,3,17,0.022830963,77,116,0,Other,0.857508466,35,116,7,0.48697412
154,A,Low Priority,15,3,17,0.022830963,77,116,0,Own,0.86930561,35,116,7,0.514576435
155,A,High Priority,22,26,1,5.63E-06,28,32,1,Other,0.87546352,92,72,28,0.572197437
155,A,High Priority,22,26,1,5.63E-06,28,32,1,Own,0.854400096,92,72,28,0.515174031
159,A,High Priority,17,19,1,0.000401,28,111,0,Other,0.846679056,17,32,28,0.317233503
159,A,High Priority,17,19,1,0.000401,28,111,0,Own,0.839914991,17,32,28,0.302398443
163,A,Controversial,18,9,12,3.08344841,21,53,0,Other,0.840914529,37,46,23,0.386729419
163,A,Controversial,18,9,12,3.08344841,21,53,0,Own,0.846348276,37,46,23,0.367280066
164,A,Neutral,8,3,7,1.2890625,182,64,0,Other,0.854640987,68,64,182,0.590462148
164,A,Neutral,8,3,7,1.2890625,182,64,0,Own,0.842423104,68,64,182,0.404547602
166,A,Neutral,19,14,8,1.753499508,23,32,0,Other,0.831632951,36,194,208,0.357353806
166,A,Neutral,19,14,8,1.753499508,23,32,0,Own,0.828071414,36,194,208,0.416108429
174,A,Controversial,20,12,13,4.029506445,114,49,0,Other,0.851266298,29,133,126,0.407687634
174,A,Controversial,20,12,13,4.029506445,114,49,0,Own,0.848283212,29,133,126,0.511602521
194,A,Neutral,3,0,3,0.50000025,76,153,0,Other,0.870104013,38,166,76,0.490208358
194,A,Neutral,3,0,3,0.50000025,76,153,0,Own,0.860928889,38,166,76,0.416108429
195,A,Controversial,12,7,8,3.142089844,169,150,0,Other,0.827102942,21,58,107,0.357374072
195,A,Controversial,12,7,8,3.142089844,169,150,0,Own,0.838586358,21,58,107,0.39255029
200,A,Controversial,10,5,7,2.513671875,8,50,0,Other,0.860037812,24,135,8,0.484131634
200,A,Controversial,10,5,7,2.513671875,8,50,0,Own,0.842882651,24,135,8,0.360287189
210,A,High Priority,18,21,0,1.05E-05,31,159,1,Other,0.849725796,39,58,76,0.389924377
210,A,High Priority,18,21,0,1.05E-05,31,159,1,Own,0.81088336,39,58,76,0.415495515
217,A,Low Priority,24,4,24,0.002211984,113,159,0,Other,0.78345429,7,200,22,0.181739181
217,A,Low Priority,24,4,24,0.002211984,113,159,0,Own,0.793367922,7,200,22,0.192561761
218,A,Low Priority,21,2,24,0.000131,123,194,0,Other,0.817748546,54,149,196,0.323028803
218,A,Low Priority,21,2,24,0.000131,123,194,0,Own,0.816575643,54,149,196,0.285977185
223,A,Low Priority,4,0,5,0.187500234,98,163,0,Other,0.786668002,11,163,6,0.173300833
223,A,Low Priority,4,0,5,0.187500234,98,163,0,Own,0.801685453,11,163,6,0.219120428
7,B,High Priority,15,14,3,0.093383789,165,98,1,Other,0.938408353,58,196,165,0.672010779
7,B,High Priority,15,14,3,0.093383789,165,98,1,Own,0.869218812,58,196,165,0.545322776
17,B,Controversial,14,11,7,2.30657959,54,76,1,Other,0.963194425,49,77,54,0.852661371
17,B,Controversial,14,11,7,2.30657959,54,76,1,Own,0.857541038,49,77,54,0.429078072
21,B,Low Priority,21,9,21,0.413061725,120,23,0,Other,0.868967935,171,128,64,0.595657587
21,B,Low Priority,21,9,21,0.413061725,120,23,0,Own,0.860809298,171,128,64,0.652360618
22,B,High Priority,21,24,2,0.000131,111,23,1,Other,0.878351882,64,141,155,0.561166823
22,B,High Priority,21,24,2,0.000131,111,23,1,Own,0.854722696,64,141,155,0.487877578
77,B,High Priority,16,17,2,0.006523132,75,18,0,Other,0.885141498,76,17,75,0.459421098
77,B,High Priority,16,17,2,0.006523132,75,18,0,Own,0.842366605,76,17,75,0.429078072
80,B,Neutral,21,9,18,0.977747887,50,114,0,Other,0.819224517,39,8,121,0.37029168
80,B,Neutral,21,9,18,0.977747887,50,114,0,Own,0.796857247,39,8,121,0.344508648
82,B,High Priority,21,23,3,0.001046062,43,215,0,Other,0.818628674,35,105,43,0.322878659
82,B,High Priority,21,23,3,0.001046062,43,215,0,Own,0.795021315,35,105,43,0.30707404
109,B,Controversial,13,7,9,2.967529297,135,160,0,Other,0.860946447,96,21,135,0.476007283
109,B,Controversial,13,7,9,2.967529297,135,160,0,Own,0.852486388,96,21,135,0.580855966
114,B,High Priority,18,18,4,0.040112734,49,28,0,Other,0.887072294,46,8,49,0.601658642
114,B,High Priority,18,18,4,0.040112734,49,28,0,Own,0.846638155,46,8,49,0.408971965
118,B,Controversial,10,7,5,2.513671875,211,7,0,Other,0.849902289,34,136,200,0.347410858
118,B,Controversial,10,7,5,2.513671875,211,7,0,Own,0.819365116,34,136,200,0.360727072
126,B,Controversial,14,10,6,2.077270508,39,197,0,Other,0.825534636,40,197,174,0.407687634
126,B,Controversial,14,10,6,2.077270508,39,197,0,Own,0.86576835,40,197,174,0.553283453
137,B,Low Priority,8,1,9,0.107421383,150,76,0,Other,0.844427203,35,193,149,0.393362522
137,B,Low Priority,8,1,9,0.107421383,150,76,0,Own,0.88240146,35,193,149,0.450089216
157,B,High Priority,20,18,5,0.096270561,120,21,0,Other,0.838845481,18,110,120,0.327531576
157,B,High Priority,20,18,5,0.096270561,120,21,0,Own,0.833232024,18,110,120,0.349551618
203,B,Low Priority,20,3,26,0.000204,163,160,0,Other,0.839260676,35,193,40,0.432174325
203,B,Low Priority,20,3,26,0.000204,163,160,0,Own,0.856348278,35,193,40,0.523829222
6,B,Controversial,13,6,9,2.443847656,48,178,1,Other,0.824014494,31,178,48,0.355078369
6,B,Controversial,13,6,9,2.443847656,48,178,1,Own,0.826104069,31,178,48,0.369435251
8,B,Controversial,19,13,9,2.727665901,200,197,0,Other,0.860037812,49,10,200,0.484131634
8,B,Controversial,19,13,9,2.727665901,200,197,0,Own,0.838027013,49,10,200,0.427110732
9,B,High Priority,13,15,2,0.018676758,96,23,0,Other,0.862614277,56,7,96,0.455426246
9,B,High Priority,13,15,2,0.018676758,96,23,0,Own,0.838727356,56,7,96,0.388323426
10,B,Controversial,18,9,13,2.727665901,50,8,0,Other,0.858515961,41,8,50,0.460186243
10,B,Controversial,18,9,13,2.727665901,50,8,0,Own,0.830886474,41,8,50,0.427110732
16,B,High Priority,21,26,7,0.016909283,153,18,1,Other,0.901572941,22,22,153,0.522540212
16,B,High Priority,21,26,7,0.016909283,153,18,1,Own,0.860330418,22,22,153,0.348777413
18,B,High Priority,16,17,6,0.288811684,179,16,1,Other,0.86852173,40,22,155,0.503187537
18,B,High Priority,16,17,6,0.288811684,179,16,1,Own,0.860330418,40,22,155,0.432176471
23,B,Neutral,7,3,5,1.96875,150,21,0,Other,0.859559981,61,193,155,0.414921761
23,B,Neutral,7,3,5,1.96875,150,21,0,Own,0.860809298,61,193,155,0.482600659
24,B,Low Priority,25,5,28,0.000939,39,107,0,Other,0.838469555,23,107,154,0.374949157
24,B,Low Priority,25,5,28,0.000939,39,107,0,Own,0.880807702,23,107,154,0.430135727
28,B,High Priority,22,28,3,6.70E-05,155,23,0,Other,0.87546352,55,30,155,0.572197437
28,B,High Priority,22,28,3,6.70E-05,155,23,0,Own,0.857348846,55,30,155,0.47951144
30,B,Controversial,10,5,5,2.70703125,150,23,0,Other,0.855475118,91,28,111,0.459263563
30,B,Controversial,10,5,5,2.70703125,150,23,0,Own,0.834065547,91,28,111,0.47951144
31,B,High Priority,7,6,1,0.437498979,210,98,1,Other,0.849725796,38,193,46,0.380493701
31,B,High Priority,7,6,1,0.437498979,210,98,1,Own,0.840955007,38,193,46,0.424445719
76,B,Neutral,4,2,2,1.875,194,137,0,Other,0.870104013,45,137,194,0.490208358
76,B,Neutral,4,2,2,1.875,194,137,0,Own,0.88240146,45,137,194,0.433199048
79,B,Neutral,9,7,4,1.93359375,58,197,1,Other,0.835416725,31,197,121,0.335544735
79,B,Neutral,9,7,4,1.93359375,58,197,1,Own,0.857359613,31,197,121,0.429638267
95,B,Low Priority,14,2,15,0.018676758,48,6,0,Other,0.805410229,29,178,48,0.296158522
95,B,Low Priority,14,2,15,0.018676758,48,6,0,Own,0.763542634,29,178,48,0.315904081
98,B,High Priority,8,10,1,0.064452771,39,7,0,Other,0.923413255,38,208,39,0.61341393
98,B,High Priority,8,10,1,0.064452771,39,7,0,Own,0.869218812,38,208,39,0.412883162
102,B,High Priority,12,10,3,0.488769531,179,98,0,Other,0.881638573,29,128,179,0.499170482
102,B,High Priority,12,10,3,0.488769531,179,98,0,Own,0.854253298,29,128,179,0.426648021
105,B,High Priority,18,20,1,0.00022,43,98,0,Other,0.898354086,36,108,43,0.643764257
105,B,High Priority,18,20,1,0.00022,43,98,0,Own,0.826140478,36,108,43,0.36823386
107,B,Low Priority,43,9,52,4.66E-07,39,24,0,Other,0.847820738,24,126,64,0.379984677
107,B,Low Priority,43,9,52,4.66E-07,39,24,0,Own,0.880807702,24,126,64,0.452935457
108,B,High Priority,22,20,7,0.185257494,72,169,0,Other,0.824490175,28,169,72,0.368595064
108,B,High Priority,22,20,7,0.185257494,72,169,0,Own,0.845571563,28,169,72,0.446854055
110,B,High Priority,17,17,5,0.144405842,120,21,1,Other,0.816360479,74,157,155,0.383612275
110,B,High Priority,17,17,5,0.144405842,120,21,1,Own,0.835488348,74,157,155,0.349551618
113,B,Controversial,12,8,10,3.171546936,44,98,0,Other,0.827470293,38,182,44,0.354216099
113,B,Controversial,12,8,10,3.171546936,44,98,0,Own,0.826032411,38,182,44,0.36172539
123,B,Low Priority,8,0,9,0.019531323,74,18,0,Other,0.841133989,128,17,54,0.278429866
123,B,Low Priority,8,0,9,0.019531323,74,18,0,Own,0.808486586,128,17,54,0.316529363
127,B,Neutral,7,5,3,1.96875,39,17,0,Other,0.804270282,11,17,138,0.256886363
127,B,Neutral,7,5,3,1.96875,39,17,0,Own,0.786758042,11,17,138,0.208352447
128,B,Low Priority,31,5,35,2.45E-05,53,160,0,Other,0.865374988,75,21,150,0.465171576
128,B,Low Priority,31,5,35,2.45E-05,53,160,0,Own,0.85494801,75,21,150,0.652360618
129,B,Neutral,20,8,17,0.838069618,32,16,0,Other,0.84898284,77,160,75,0.439624429
129,B,Neutral,20,8,17,0.838069618,32,16,0,Own,0.844480884,77,160,75,0.466653854
136,B,Low Priority,8,0,9,0.019531323,135,118,0,Other,0.810454278,43,118,74,0.338311762
136,B,Low Priority,8,0,9,0.019531323,135,118,0,Own,0.804926399,43,118,74,0.360727072
141,B,High Priority,5,7,0,0.062500146,116,22,0,Other,0.834125194,26,22,75,0.555736303
141,B,High Priority,5,7,0,0.062500146,116,22,0,Own,0.823482399,26,22,75,0.487877578
146,B,Low Priority,39,7,49,1.83E-07,154,7,0,Other,0.844744886,62,7,150,0.366668522
146,B,Low Priority,39,7,49,1.83E-07,154,7,0,Own,0.811413683,62,7,150,0.362577438
160,B,Neutral,24,10,19,1.119264029,75,203,0,Other,0.853221347,82,128,150,0.418605059
160,B,Neutral,24,10,19,1.119264029,75,203,0,Own,0.856348278,82,128,150,0.552182496
169,B,Neutral,30,13,22,1.546815061,200,108,0,Other,0.854946402,15,108,58,0.335571706
169,B,Neutral,30,13,22,1.546815061,200,108,0,Own,0.845571563,15,108,58,0.446854055
178,B,Neutral,3,3,0,0.50000025,48,98,0,Other,0.846281153,134,6,48,0.454928696
178,B,Neutral,3,3,0,0.50000025,48,98,0,Own,0.83667922,134,6,48,0.369435251
182,B,Low Priority,13,3,13,0.145263672,164,76,0,Other,0.854640987,45,160,164,0.590462148
182,B,Low Priority,13,3,13,0.145263672,164,76,0,Own,0.807739286,45,160,164,0.430697888
193,B,Neutral,15,5,12,0.84979248,73,23,0,Other,0.912131793,53,203,116,0.525502682
193,B,Neutral,15,5,12,0.84979248,73,23,0,Own,0.859652676,53,203,116,0.523829222
196,B,Controversial,15,11,7,2.30657959,165,7,1,Other,0.829537317,50,7,135,0.46621865
196,B,Controversial,15,11,7,2.30657959,165,7,1,Own,0.837724884,50,7,135,0.545322776
197,B,Controversial,7,4,5,2.4609375,121,126,0,Other,0.840145186,35,126,121,0.460764766
197,B,Controversial,7,4,5,2.4609375,121,126,0,Own,0.86576835,35,126,121,0.553283453
208,B,High Priority,12,12,3,0.222167969,44,76,0,Other,0.906870993,46,126,44,0.627716899
208,B,High Priority,12,12,3,0.222167969,44,76,0,Own,0.853001073,46,126,44,0.428162605
215,B,High Priority,9,10,1,0.064452771,56,28,0,Other,0.843797066,129,21,150,0.444744527
215,B,High Priority,9,10,1,0.064452771,56,28,0,Own,0.857147555,129,21,150,0.439557314
